epoch,loss,loss/data,loss/ic,loss/res,loss/smma,lr,params/beta,step
,,,,,,0.0005,,0
0,2.2054548263549805,0.0791536346077919,0.37705883383750916,1.7492419481277466,,,0.46751782298088074,45
,,,,,,0.0005,,46
1,0.02294379100203514,0.017838871106505394,0.0007667106110602617,0.004338216036558151,,,1.0106391906738281,91
,,,,,,0.0005,,92
2,0.018003523349761963,0.017978092655539513,3.95827282773098e-06,2.1472071239259094e-05,,,1.3132469654083252,137
,,,,,,0.0005,,138
3,0.017979586496949196,0.01787651889026165,1.0597398613754194e-05,9.24736523302272e-05,,,1.3981469869613647,183
,,,,,,0.0005,,184
4,0.01799759268760681,0.017857417464256287,2.0699302694993094e-05,0.00011947490565944463,,,1.6026926040649414,229
,,,,,,0.0005,,230
5,0.017987361177802086,0.017871003597974777,2.2495143639389426e-05,9.386386227561161e-05,,,1.8793458938598633,275
,,,,,,0.0005,,276
6,0.017978310585021973,0.01784725859761238,2.951770329673309e-05,0.00010153346374863759,,,2.192793607711792,321
,,,,,,0.0005,,322
7,0.01796841248869896,0.01782810129225254,4.126078056287952e-05,9.905223123496398e-05,,,2.566354274749756,367
,,,,,,0.0005,,368
8,0.017955897375941277,0.01778736524283886,6.206108082551509e-05,0.00010647132148733363,,,2.983684539794922,413
,,,,,,0.0005,,414
9,0.01794152706861496,0.017738664522767067,9.138187306234613e-05,0.00011147603072458878,,,3.3745367527008057,459
,,,,,,0.0005,,460
10,0.017922131344676018,0.017670713365077972,0.00011960582924075425,0.00013180822134017944,,,3.662299156188965,505
,,,,,,0.0005,,506
11,0.017886504530906677,0.017593663185834885,0.00013692700304090977,0.00015591763076372445,,,3.8520936965942383,551
,,,,,,0.0005,,552
12,0.017834119498729706,0.01751401461660862,0.00015207835531327873,0.00016802444588392973,,,3.9692349433898926,597
,,,,,,0.0005,,598
13,0.017775041982531548,0.01744752749800682,0.00016679210239090025,0.0001607199083082378,,,4.016480445861816,643
,,,,,,0.0005,,644
14,0.01771123893558979,0.01733935810625553,0.0001917030313052237,0.0001801739854272455,,,4.028379440307617,689
,,,,,,0.0005,,690
15,0.01764623261988163,0.017288491129875183,0.0002136088878614828,0.00014413922326639295,,,3.9980647563934326,735
,,,,,,0.0005,,736
16,0.017582973465323448,0.017239956185221672,0.00021194810688029975,0.00013106797996442765,,,4.0316691398620605,781
,,,,,,0.0005,,782
17,0.017540227621793747,0.017146145924925804,0.00023622803564649075,0.0001578520896146074,,,4.078708171844482,827
,,,,,,0.0005,,828
18,0.01746310479938984,0.01709342934191227,0.00024628062965348363,0.00012338996748439968,,,4.0560784339904785,873
,,,,,,0.0005,,874
19,0.017392106354236603,0.017015404999256134,0.0002704419894143939,0.00010625636059558019,,,4.049717426300049,919
,,,,,,0.0005,,920
20,0.017326055094599724,0.01694251410663128,0.0002887178852688521,9.482073073741049e-05,,,4.020339012145996,965
,,,,,,0.0005,,966
21,0.017248841002583504,0.01686282455921173,0.00030045100720599294,8.556676766602322e-05,,,3.9825713634490967,1011
,,,,,,0.0005,,1012
22,0.017126699909567833,0.016754919663071632,0.0002805288240779191,9.124900680035353e-05,,,3.9205434322357178,1057
,,,,,,0.0005,,1058
23,0.016844067722558975,0.016488689929246902,0.00021430601191241294,0.00014107143215369433,,,3.807964563369751,1103
,,,,,,0.0005,,1104
24,0.016470903530716896,0.016030704602599144,0.0001748397626215592,0.00026535833603702486,,,3.7021517753601074,1149
,,,,,,0.0005,,1150
25,0.016039332374930382,0.015499826520681381,0.00016931687423493713,0.0003701958048623055,,,3.647688150405884,1195
,,,,,,0.0005,,1196
26,0.015630988404154778,0.014964508824050426,0.00017355695308651775,0.000492930761538446,,,3.5983657836914062,1241
,,,,,,0.0005,,1242
27,0.014952629804611206,0.014415137469768524,0.00018910142534878105,0.0003483904874883592,,,3.3620362281799316,1287
,,,,,,0.0005,,1288
28,0.013836526311933994,0.013345086015760899,0.0002225881617050618,0.0002688520180527121,,,3.0045251846313477,1333
,,,,,,0.0005,,1334
29,0.01297956146299839,0.01245401706546545,0.00017680198652669787,0.0003487442445475608,,,2.804516077041626,1379
,,,,,,0.0005,,1380
30,0.012321983464062214,0.011814835481345654,0.00014184965402819216,0.00036529861972667277,,,2.6832032203674316,1425
,,,,,,0.0005,,1426
31,0.011832456104457378,0.011295463889837265,0.00013301712169777602,0.0004039719351567328,,,2.5908143520355225,1471
,,,,,,0.0005,,1472
32,0.01147809624671936,0.01091679371893406,0.0001302356831729412,0.0004310680378694087,,,2.4870150089263916,1517
,,,,,,0.0005,,1518
33,0.011198477819561958,0.01063317246735096,0.00011954428191529587,0.00044576122309081256,,,2.3869426250457764,1563
,,,,,,0.0005,,1564
34,0.01093815453350544,0.010370517149567604,0.00011581507715163752,0.0004518234636634588,,,2.304043769836426,1609
,,,,,,0.0005,,1610
35,0.010689156129956245,0.010129939764738083,0.00010461606871103868,0.0004546014533843845,,,2.2163352966308594,1655
,,,,,,0.0005,,1656
36,0.010440375655889511,0.009887521155178547,9.595846495358273e-05,0.0004568966687656939,,,2.1212069988250732,1701
,,,,,,0.0005,,1702
37,0.01020524837076664,0.009661704301834106,8.531063940608874e-05,0.0004582332621794194,,,2.010908842086792,1747
,,,,,,0.0005,,1748
38,0.009985812939703465,0.009449226781725883,7.740503497188911e-05,0.00045918443356640637,,,1.8963474035263062,1793
,,,,,,0.0005,,1794
39,0.009790152311325073,0.00926188100129366,6.977967859711498e-05,0.00045849152957089245,,,1.7767465114593506,1839
,,,,,,0.0005,,1840
40,0.009612617082893848,0.009089438244700432,6.449237116612494e-05,0.0004586858849506825,,,1.6602340936660767,1885
,,,,,,0.0005,,1886
41,0.0094538489356637,0.008938667364418507,5.8531360991764814e-05,0.0004566528950817883,,,1.5429961681365967,1931
,,,,,,0.0005,,1932
42,0.009306737221777439,0.00879575777798891,5.4879390518181026e-05,0.0004561003006529063,,,1.4296873807907104,1977
,,,,,,0.0005,,1978
43,0.009171586483716965,0.00866675190627575,5.231267641647719e-05,0.00045252509880810976,,,1.3158071041107178,2023
,,,,,,0.0005,,2024
44,0.009046127088367939,0.008542905561625957,5.285549923428334e-05,0.0004503671370912343,,,1.2050611972808838,2069
,,,,,,0.0005,,2070
45,0.008924520574510098,0.00843359436839819,4.5398737711366266e-05,0.0004455287416931242,,,1.0914051532745361,2115
,,,,,,0.0005,,2116
46,0.008800849318504333,0.008319517597556114,3.8044305256335065e-05,0.000443282478954643,,,0.9797213673591614,2161
,,,,,,0.0005,,2162
47,0.008680219762027264,0.00820203498005867,3.913927503162995e-05,0.0004390455433167517,,,0.8659496307373047,2207
,,,,,,0.0005,,2208
48,0.008563083596527576,0.008092421106994152,3.63198050763458e-05,0.00043434006511233747,,,0.7510325312614441,2253
,,,,,,0.0005,,2254
49,0.008444597013294697,0.007983104325830936,3.340489638503641e-05,0.0004280884750187397,,,0.6333402991294861,2299
,,,,,,0.0005,,2300
50,0.008333240635693073,0.00787494145333767,3.542207559803501e-05,0.0004228792677167803,,,0.5129028558731079,2345
,,,,,,0.0005,,2346
51,0.00821637362241745,0.007768101990222931,2.906936060753651e-05,0.00041920674266293645,,,0.3908750116825104,2391
,,,,,,0.0005,,2392
52,0.008121628314256668,0.0076599749736487865,4.066096880706027e-05,0.00042099106940440834,0.057289328426122665,,0.275292307138443,2437
,,,,,,0.0005,,2438
53,0.008007294498383999,0.007560827769339085,2.4401446353294887e-05,0.0004220674454700202,0.056303687393665314,,0.18575526773929596,2483
,,,,,,0.0005,,2484
54,0.0079082902520895,0.007453246507793665,2.7846876037074253e-05,0.00042719687917269766,0.05533577874302864,,0.15721730887889862,2529
,,,,,,0.0005,,2530
55,0.007809299975633621,0.007348676677793264,3.179925261065364e-05,0.0004288234922569245,0.05438524857163429,,0.2040633112192154,2575
,,,,,,0.0005,,2576
56,0.007700950838625431,0.007244840729981661,2.4206141461036168e-05,0.0004319070721976459,0.05345156416296959,,0.30526477098464966,2621
,,,,,,0.0005,,2622
57,0.007592265028506517,0.0071286424063146114,2.7422156563261524e-05,0.000436201662523672,0.052534375339746475,,0.419924795627594,2667
,,,,,,0.0005,,2668
58,0.00748165650293231,0.007019633427262306,2.4813914933474734e-05,0.0004372129333205521,0.051633320748806,,0.5392544269561768,2713
,,,,,,0.0005,,2714
59,0.007370307110249996,0.0069071948528289795,2.4951863451860845e-05,0.0004381583130452782,0.050748061388731,,0.6595593094825745,2759
,,,,,,0.0005,,2760
60,0.0072589353658258915,0.006797050591558218,2.3961878468981013e-05,0.00043792123324237764,0.049878280609846115,,0.781656801700592,2805
,,,,,,0.0005,,2806
61,0.007148313336074352,0.006686340551823378,2.3941933250171132e-05,0.00043803086737170815,0.04902368038892746,,0.9038663506507874,2851
,,,,,,0.0005,,2852
62,0.00704001123085618,0.006579513195902109,2.3121267076930963e-05,0.00043737946543842554,0.04818400740623474,,1.026450753211975,2897
,,,,,,0.0005,,2898
63,0.006934243720024824,0.006474263966083527,2.317667349416297e-05,0.0004368019581306726,0.04735901206731796,,1.1491384506225586,2943
,,,,,,0.0005,,2944
64,0.006830883212387562,0.006375589407980442,2.320046041859314e-05,0.00043209397699683905,0.046548448503017426,,1.2730282545089722,2989
,,,,,,0.0005,,2990
65,0.006725125014781952,0.006275117862969637,2.5643194021540694e-05,0.00042436373769305646,0.04575198143720627,,1.4026529788970947,3035
,,,,,,0.0005,,3036
66,0.006619912572205067,0.00617824075743556,3.226191984140314e-05,0.0004094111791346222,0.044969342648983,,1.5423996448516846,3081
,,,,,,0.0005,,3082
67,0.006506952457129955,0.006083108019083738,4.1898416384356096e-05,0.00038194621447473764,0.04420009255409241,,1.6988351345062256,3127
,,,,,,0.0005,,3128
68,0.006347041577100754,0.00595700740814209,1.5772842743899673e-05,0.0003742612316273153,0.04344303160905838,,1.8758171796798706,3173
,,,,,,0.0005,,3174
69,0.006197548937052488,0.005807382054626942,1.0967615708068479e-05,0.00037919884198345244,0.042698122560977936,,2.0643651485443115,3219
,,,,,,0.0005,,3220
70,0.006083142943680286,0.005674475803971291,2.10180260182824e-05,0.00038764806231483817,0.041965823620557785,,2.247702121734619,3265
,,,,,,0.0005,,3266
71,0.0059984163381159306,0.005562401842325926,4.1361905459780246e-05,0.00039465216104872525,0.04124647378921509,,2.4082467555999756,3311
,,,,,,0.0005,,3312
72,0.0058986288495361805,0.0054624262265861034,2.7251055144006386e-05,0.0004089506983291358,0.040539517998695374,,2.5794577598571777,3357
,,,,,,0.0005,,3358
73,0.005774541758000851,0.005332820117473602,1.862343560787849e-05,0.00042309894342906773,0.039844218641519547,,2.745833158493042,3403
,,,,,,0.0005,,3404
74,0.005678184330463409,0.0052136946469545364,2.5456598450546153e-05,0.0004390341928228736,0.039160896092653275,,2.880133628845215,3449
,,,,,,0.0005,,3450
75,0.0056037455797195435,0.005119339097291231,3.544334686012007e-05,0.0004489636921789497,0.03848975524306297,,2.9909591674804688,3495
,,,,,,0.0005,,3496
76,0.005519801285117865,0.005045885220170021,3.1641768146073446e-05,0.0004422733618412167,0.03783035650849342,,3.109231472015381,3541
,,,,,,0.0005,,3542
77,0.005443204194307327,0.00495558837428689,4.626627924153581e-05,0.00044134838390164077,0.03718261420726776,,3.2373154163360596,3587
,,,,,,0.0005,,3588
78,0.005351511295884848,0.004883340559899807,1.946444717759732e-05,0.0004487068799789995,0.03654599189758301,,3.365844488143921,3633
,,,,,,0.0005,,3634
79,0.00527225574478507,0.004809698089957237,3.0193677957868204e-05,0.00043236432247795165,0.03592051565647125,,3.5038394927978516,3679
,,,,,,0.0005,,3680
80,0.005171902943402529,0.004723351448774338,3.0458997571258806e-05,0.0004180924443062395,0.03530554473400116,,3.646306037902832,3725
,,,,,,0.0005,,3726
81,0.005102817434817553,0.004642516374588013,6.781173578929156e-05,0.00039248791290447116,0.03470148891210556,,3.808406114578247,3771
,,,,,,0.0005,,3772
82,0.004962904378771782,0.004562779795378447,1.2754405361192767e-05,0.0003873701498378068,0.03410671651363373,,4.004392623901367,3817
,,,,,,0.0005,,3818
83,0.004872183781117201,0.004474340006709099,1.1990818165941164e-05,0.0003858524141833186,0.03352202847599983,,4.208835601806641,3863
,,,,,,0.0005,,3864
84,0.0048067388124763966,0.004389708396047354,3.2037478376878425e-05,0.0003849924250971526,0.03294771909713745,,4.408130645751953,3909
,,,,,,0.0005,,3910
85,0.004717560950666666,0.004302555229514837,3.713083060574718e-05,0.00037787342444062233,0.03238311782479286,,4.607247352600098,3955
,,,,,,0.0005,,3956
86,0.004608761053532362,0.0042001428082585335,1.6541154764126986e-05,0.0003920764720533043,0.03182763233780861,,4.8057861328125,4001
,,,,,,0.0005,,4002
87,0.004532656632363796,0.004109358415007591,2.56356561294524e-05,0.000397662864997983,0.0312817320227623,,4.995253086090088,4047
,,,,,,0.0005,,4048
88,0.004418189637362957,0.004012179560959339,1.9866578440996818e-05,0.0003861439763568342,0.030744459480047226,,5.209534168243408,4093
,,,,,,0.0005,,4094
89,0.004326016642153263,0.003916565794497728,2.4122400645865127e-05,0.000385329156415537,0.030216092243790627,,5.413570404052734,4139
,,,,,,0.0005,,4140
90,0.004245758056640625,0.003822138300165534,3.363294308655895e-05,0.00038998681702651083,0.029696684330701828,,5.61176872253418,4185
,,,,,,0.0005,,4186
91,0.004201750736683607,0.0037518045864999294,3.4615222830325365e-05,0.00041533171315677464,0.029186785221099854,,5.781105041503906,4231
,,,,,,0.0005,,4232
92,0.0040973699651658535,0.0036951301153749228,1.7583550288691185e-05,0.00038465490797534585,0.02868499793112278,,5.972561359405518,4277
,,,,,,0.0005,,4278
93,0.003998226951807737,0.0035927246790379286,1.2595829502970446e-05,0.0003929055528715253,0.02819126285612583,,6.198367595672607,4323
,,,,,,0.0005,,4324
94,0.004010424017906189,0.0035432828590273857,7.780674059176818e-05,0.00038933471660129726,0.027707645669579506,,6.401700496673584,4369
,,,,,,0.0005,,4370
95,0.004099137149751186,0.0034986822865903378,0.00023664467153139412,0.0003638103080447763,0.027235476300120354,,6.5668206214904785,4415
,,,,,,0.0005,,4416
96,0.0038399717304855585,0.003453084034845233,2.6666419216780923e-05,0.00036022072890773416,0.026767564937472343,,6.765639305114746,4461
,,,,,,0.0005,,4462
97,0.003705006092786789,0.0033040123526006937,1.3800920896755997e-05,0.0003871922963298857,0.026306314393877983,,6.986446857452393,4507
,,,,,,0.0005,,4508
98,0.0036216573789715767,0.0032264618203043938,7.469945558113977e-06,0.00038772571133449674,0.025852620601654053,,7.220333576202393,4553
,,,,,,0.0005,,4554
99,0.0035561579279601574,0.0031578282359987497,7.772578101139516e-06,0.00039055742672644556,0.025406692177057266,,7.455657482147217,4599
,,,,,,0.0005,,4600
100,0.0037053825799375772,0.0031067898962646723,0.00020967777527403086,0.0003889150684699416,0.024972666054964066,,7.625973224639893,4645
,,,,,,0.0005,,4646
101,0.003667361568659544,0.0030620978213846684,0.0002061499544652179,0.0003991140692960471,0.024546559900045395,,7.748924732208252,4691
,,,,,,0.0005,,4692
102,0.003450734307989478,0.0030498767737299204,2.538222906878218e-05,0.00037547587999142706,0.024124642834067345,,7.9148149490356445,4737
,,,,,,0.0005,,4738
103,0.0033229421824216843,0.002905007917433977,1.5311261449824087e-05,0.0004026225069537759,0.023708609864115715,,8.131889343261719,4783
,,,,,,0.0005,,4784
104,0.003268301021307707,0.0028509467374533415,1.5489944416913204e-05,0.00040186484693549573,0.023299802094697952,,8.356810569763184,4829
,,,,,,0.0005,,4830
105,0.0032074032351374626,0.0027840847615152597,1.8823109712684527e-05,0.0004044956003781408,0.022897955030202866,,8.55988883972168,4875
,,,,,,0.0005,,4876
106,0.003100343979895115,0.0027311290614306927,1.1870056368934456e-05,0.00035734547418542206,0.022502003237605095,,8.706809043884277,4921
,,,,,,0.0005,,4922
107,0.003083126386627555,0.002661241451278329,3.25050059473142e-05,0.0003893802349921316,0.022113624960184097,,8.950188636779785,4967
,,,,,,0.0005,,4968
108,0.0028599409852176905,0.002534656785428524,1.8612321582622826e-05,0.00030667224200442433,0.021728551015257835,,9.089937210083008,5013
,,,,,,0.0005,,5014
109,0.0029929187148809433,0.0024957105051726103,0.0001057623594533652,0.0003914455301128328,0.021353838965296745,,9.34826946258545,5059
,,,,,,0.0005,,5060
110,0.002799706533551216,0.002455533016473055,5.65521368116606e-05,0.00028762052534148097,0.020982755348086357,,9.560538291931152,5105
,,,,,,0.0005,,5106
111,0.002789517631754279,0.0023835469037294388,6.669495178357465e-06,0.0003993019927293062,0.020618891343474388,,9.838878631591797,5151
,,,,,,0.0005,,5152
112,0.002744990400969982,0.0022892861161381006,3.131610719719902e-05,0.0004243883304297924,0.020261412486433983,,10.056830406188965,5197
,,,,,,0.0005,,5198
113,0.0024527227506041527,0.0021404162980616093,1.3994411347084679e-05,0.00029831231222487986,0.01990523934364319,,10.233931541442871,5243
,,,,,,0.0005,,5244
114,0.002457226160913706,0.002142863115295768,1.6155334378709085e-05,0.00029820785857737064,0.019556278362870216,,10.506937980651855,5289
,,,,,,0.0005,,5290
115,0.002374697243794799,0.0020828789565712214,8.33860849525081e-06,0.0002834800980053842,0.019212648272514343,,10.768125534057617,5335
,,,,,,0.0005,,5336
116,0.002637455938383937,0.0020005926489830017,0.0002122071455232799,0.0004246566095389426,0.018881144002079964,,10.939085006713867,5381
,,,,,,0.0005,,5382
117,0.002374522853642702,0.001964694820344448,7.209431350929663e-05,0.00033773478935472667,0.018551010638475418,,10.965507507324219,5427
,,,,,,0.0005,,5428
118,0.0024457403924316168,0.0019514061277732253,0.00011276765872025862,0.0003815657692030072,0.018228905275464058,,11.170340538024902,5473
,,,,,,0.0005,,5474
119,0.002386224688962102,0.00191982660908252,0.00012057029380230233,0.00034582760417833924,0.01791205257177353,,11.396592140197754,5519
,,,,,,0.0005,,5520
120,0.0023170216009020805,0.0018538504373282194,9.234552999259904e-05,0.00037082633934915066,0.017600150778889656,,11.632129669189453,5565
,,,,,,0.0005,,5566
121,0.0024589148815721273,0.001809780951589346,3.931603714590892e-05,0.0006098182057030499,0.017297327518463135,,11.825028419494629,5611
,,,,,,0.0005,,5612
122,0.0026831314899027348,0.0017051059985533357,0.0006103257765062153,0.00036769884172827005,0.017005043104290962,,11.764086723327637,5657
,,,,,,0.0005,,5658
123,0.0029249703511595726,0.001769516384229064,6.385663436958566e-05,0.0010915971361100674,0.01672344096004963,,11.787452697753906,5703
,,,,,,0.0005,,5704
124,0.0025347047485411167,0.0019421710167080164,0.00018951641686726362,0.00040301753324456513,0.016439666971564293,,11.819056510925293,5749
,,,,,,0.0005,,5750
125,0.0024201609194278717,0.0017347807297483087,0.00027374865021556616,0.0004116319178137928,0.01615927740931511,,11.718860626220703,5795
,,,,,,0.0005,,5796
126,0.002273515798151493,0.0016944677336141467,0.00014731734700035304,0.0004317314305808395,0.015881560742855072,,11.900723457336426,5841
,,,,,,0.0005,,5842
127,0.002438871655613184,0.0016338579589501023,0.0004331125528551638,0.00037190152215771377,0.01561270747333765,,12.129018783569336,5887
,,,,,,0.0005,,5888
128,0.0022096927277743816,0.0016356547130271792,0.00012112558033550158,0.0004529127909336239,0.015344647690653801,,12.362889289855957,5933
,,,,,,0.0005,,5934
129,0.0021449739579111338,0.0015708785504102707,0.00019908417016267776,0.0003750115283764899,0.015080654062330723,,12.558987617492676,5979
,,,,,,0.0005,,5980
130,0.0018094226252287626,0.0015155653236433864,2.7540287192096002e-05,0.0002663165796548128,0.01481522899121046,,12.794417381286621,6025
,,,,,,0.0005,,6026
131,0.0018613622523844242,0.0014141886495053768,2.3396327378577553e-05,0.0004237770044710487,0.014556151814758778,,12.952253341674805,6071
,,,,,,0.0005,,6072
132,0.0018746817950159311,0.0014491520123556256,0.0001270689972443506,0.00029846138204447925,0.014302522875368595,,13.084817886352539,6117
,,,,,,0.0005,,6118
133,0.001817539450712502,0.0013388319639489055,7.355857087532058e-05,0.0004051489813718945,0.014052823185920715,,13.392660140991211,6163
,,,,,,0.0005,,6164
134,0.0020126057788729668,0.0012847613543272018,0.000286710390355438,0.0004411329864524305,0.013812018558382988,,13.521533012390137,6209
,,,,,,0.0005,,6210
135,0.0017940023681148887,0.0013007442466914654,0.00013464083895087242,0.00035861716605722904,0.013571658171713352,,13.713644027709961,6255
,,,,,,0.0005,,6256
136,0.00171269616112113,0.001338699832558632,3.7066940421937034e-05,0.0003369295736774802,0.013334479182958603,,13.954995155334473,6301
,,,,,,0.0005,,6302
137,0.00194559118244797,0.0011922274716198444,0.0002946580061689019,0.0004587057919707149,0.013106700964272022,,14.013071060180664,6347
,,,,,,0.0005,,6348
138,0.0019339806167408824,0.0012507280334830284,0.00024570911773480475,0.0004375435528345406,0.012883246876299381,,14.219679832458496,6393
,,,,,,0.0005,,6394
139,0.001734575955197215,0.0012086114147678018,0.00019931043789256364,0.0003266539133619517,0.012660273350775242,,14.464195251464844,6439
,,,,,,0.0005,,6440
140,0.0019089368870481849,0.0011389022693037987,0.0004191662883386016,0.00035086870775558054,0.012445246800780296,,14.398274421691895,6485
,,,,,,0.0005,,6486
141,0.0018031488871201873,0.0011650422820821404,0.00035924609983339906,0.00027886079624295235,0.012232405133545399,,14.659749031066895,6531
,,,,,,0.0005,,6532
142,0.0016745023895055056,0.001089197932742536,3.674504114314914e-05,0.0005485592992044985,0.012021246366202831,,14.561767578125,6577
,,,,,,0.0005,,6578
143,0.001964643131941557,0.001163605717010796,2.7142470571561716e-05,0.0007738946587778628,0.011820114217698574,,14.524959564208984,6623
,,,,,,0.0005,,6624
144,0.0016522714868187904,0.0011012479662895203,2.65800717897946e-05,0.0005244435742497444,0.011616758070886135,,14.329118728637695,6669
,,,,,,0.0005,,6670
145,0.0018628225661814213,0.0011780130444094539,0.00016023106581997126,0.0005245784996077418,0.011421678587794304,,14.546453475952148,6715
,,,,,,0.0005,,6716
146,0.0016006084624677896,0.0011266254587098956,5.932538988417946e-05,0.0004146577848587185,0.011225258000195026,,14.667701721191406,6761
,,,,,,0.0005,,6762
147,0.001985616283491254,0.001085941563360393,0.0003141021588817239,0.000585572503041476,0.011040464974939823,,14.470353126525879,6807
,,,,,,0.0005,,6808
148,0.0017431427258998156,0.0010042006615549326,0.00028412326355464756,0.0004548187425825745,0.010854518041014671,,14.661219596862793,6853
,,,,,,0.0005,,6854
149,0.001702266512438655,0.0009602549835108221,0.0002655567368492484,0.00047645485028624535,0.010671473108232021,,14.596051216125488,6899
,,,,,,0.0005,,6900
150,0.001707815914414823,0.0010676388628780842,0.00020860643417108804,0.0004315704572945833,0.010492200031876564,,14.826865196228027,6945
,,,,,,0.0005,,6946
151,0.0014964711153879762,0.0009681771043688059,0.0001503411476733163,0.00037795284879393876,0.010312285274267197,,14.89471435546875,6991
,,,,,,0.0005,,6992
152,0.0014210479566827416,0.0009174730512313545,0.00017040119564626366,0.0003331736079417169,0.010134460404515266,,14.921402931213379,7037
,,,,,,0.0005,,7038
153,0.0016104828100651503,0.0009792232885956764,0.0001632168423384428,0.00046804267913103104,0.009963980875909328,,15.093282699584961,7083
,,,,,,0.0005,,7084
154,0.0013027929235249758,0.0007804840570315719,4.052164877066389e-05,0.000481787312310189,0.009790757670998573,,15.029668807983398,7129
,,,,,,0.0005,,7130
155,0.0014463593252003193,0.0008038539672270417,4.108616394660203e-06,0.0006383968866430223,0.009623869322240353,,15.288179397583008,7175
,,,,,,0.0005,,7176
156,0.0015272076707333326,0.0008670807583257556,8.075812365859747e-05,0.0005793689633719623,0.009461936540901661,,15.370552062988281,7221
,,,,,,0.0005,,7222
157,0.0015667935367673635,0.0008625005721114576,0.0001941707741934806,0.000510122103150934,0.00930403359234333,,15.250519752502441,7267
,,,,,,0.0005,,7268
158,0.0013497191248461604,0.000721974647603929,0.0002899017999880016,0.0003378426772542298,0.009144946932792664,,15.51151180267334,7313
,,,,,,0.0005,,7314
159,0.0011271261610090733,0.0008267530938610435,2.238087654404808e-05,0.00027799216331914067,0.008984590880572796,,15.624135971069336,7359
,,,,,,0.0005,,7360
160,0.001329057035036385,0.0007794397533871233,1.987178620765917e-05,0.0005297453026287258,0.008831480517983437,,15.604185104370117,7405
,,,,,,0.0005,,7406
161,0.0017327973619103432,0.0008079024264588952,0.000194318505236879,0.0007305762846954167,0.008689505979418755,,15.823281288146973,7451
,,,,,,0.0005,,7452
162,0.0010702499421313405,0.0006871131481602788,8.488372986903414e-05,0.00029825279489159584,0.00853712111711502,,15.892189025878906,7497
,,,,,,0.0005,,7498
163,0.0014112123753875494,0.000725057499948889,0.00021880930580664426,0.0004673453513532877,0.008394602686166763,,16.210140228271484,7543
,,,,,,0.0005,,7544
164,0.001074229134246707,0.0007316653500311077,6.974484858801588e-05,0.0002728186082094908,0.008248195983469486,,16.42216682434082,7589
,,,,,,0.0005,,7590
165,0.001304885372519493,0.0006842710427008569,4.1211342249880545e-06,0.0006164934602566063,0.008109329268336296,,16.32282257080078,7635
,,,,,,0.0005,,7636
166,0.0010592796606943011,0.0005891793989576399,7.848982932046056e-06,0.00046225139521993697,0.007968328893184662,,16.440176010131836,7681
,,,,,,0.0005,,7682
167,0.0017890192102640867,0.0006799012771807611,0.00013039728219155222,0.0009787207236513495,0.007844742387533188,,16.546892166137695,7727
,,,,,,0.0005,,7728
168,0.001585472607985139,0.0007458453765138984,0.00020429363939911127,0.0006353334756568074,0.007719556801021099,,16.527862548828125,7773
,,,,,,0.0005,,7774
169,0.0013116452610120177,0.0006384476437233388,0.00019671497284434736,0.00047648270265199244,0.007591398432850838,,16.156095504760742,7819
,,,,,,0.0005,,7820
170,0.0017087175510823727,0.000582441221922636,0.0002875229110941291,0.0008387534762732685,0.007473744917660952,,16.251996994018555,7865
,,,,,,0.0005,,7866
171,0.001221927348524332,0.0006384752341546118,2.7051593860960566e-05,0.0005564008606597781,0.007348708808422089,,16.437610626220703,7911
,,,,,,0.0005,,7912
172,0.0012304006377235055,0.0005781922372989357,0.00019076034368481487,0.0004614481294993311,0.007226342335343361,,16.542430877685547,7957
,,,,,,0.0005,,7958
173,0.0009278900688514113,0.00055765948491171,0.00016513538139406592,0.00020509502792265266,0.0071003735065460205,,16.669702529907227,8003
,,,,,,0.0005,,8004
174,0.001055585453286767,0.0005020672106184065,7.294749957509339e-05,0.00048057068488560617,0.006979477591812611,,16.553829193115234,8049
,,,,,,0.0005,,8050
175,0.0012289542937651277,0.0005787190748378634,1.1680706847982947e-05,0.0006385546294040978,0.006864467170089483,,16.689367294311523,8095
,,,,,,0.0005,,8096
176,0.001058537745848298,0.0005069877370260656,6.695745469187386e-06,0.0005448542069643736,0.0067483484745025635,,17.073110580444336,8141
,,,,,,0.0005,,8142
177,0.0014595894608646631,0.0005109014455229044,9.828842848946806e-06,0.0009388590115122497,0.0066425735130906105,,16.848289489746094,8187
,,,,,,0.0005,,8188
178,0.001002729870378971,0.0005217452417127788,3.234076530134189e-06,0.0004777504946105182,0.006529776379466057,,17.096675872802734,8233
,,,,,,0.0005,,8234
179,0.0015457456465810537,0.00046223303070291877,6.231881707208231e-05,0.0010211938060820103,0.0064300959929823875,,17.03167724609375,8279
,,,,,,0.0005,,8280
180,0.0011691971449181437,0.0005173008539713919,0.0001776525314198807,0.0004742437740787864,0.006324877962470055,,17.055578231811523,8325
,,,,,,0.0005,,8326
181,0.0008974304655566812,0.0004155596252530813,8.637525752419606e-05,0.00039549541543237865,0.0062163290567696095,,17.093830108642578,8371
,,,,,,0.0005,,8372
182,0.0009166637901216745,0.0004920601495541632,6.507337275252212e-06,0.0004180964606348425,0.006110335700213909,,17.14258575439453,8417
,,,,,,0.0005,,8418
183,0.000805193034466356,0.0003832138900179416,1.814147617551498e-05,0.0004038376791868359,0.0060042329132556915,,17.21862030029297,8463
,,,,,,0.0005,,8464
184,0.001183450105600059,0.0005306305247358978,0.00014678431034553796,0.0005060354014858603,0.005907817278057337,,17.333515167236328,8509
,,,,,,0.0005,,8510
185,0.0013548046117648482,0.0005089216283522546,0.00014774099690839648,0.0006981417536735535,0.005816756747663021,,17.479068756103516,8555
,,,,,,0.0005,,8556
186,0.0012102123582735658,0.0004473449371289462,0.0003423170419409871,0.0004205506993457675,0.005724626127630472,,17.466815948486328,8601
,,,,,,0.0005,,8602
187,0.0007871954585425556,0.0003476514248177409,0.00013804480840917677,0.00030149909434840083,0.005625877529382706,,17.580486297607422,8647
,,,,,,0.0005,,8648
188,0.0011802453082054853,0.0004073577874805778,0.0003379449772182852,0.0004349423397798091,0.005536964628845453,,17.731517791748047,8693
,,,,,,0.0005,,8694
189,0.0012114020064473152,0.00038655230309814215,0.00036899372935295105,0.000455855973996222,0.005450453609228134,,17.689319610595703,8739
,,,,,,0.0005,,8740
190,0.0016553188906982541,0.0004078340716660023,0.0004971788730472326,0.0007503061788156629,0.005374550819396973,,17.634231567382812,8785
,,,,,,0.0005,,8786
191,0.0014732220442965627,0.00040461192838847637,0.0005093711661174893,0.000559238949790597,0.0052965241484344006,,17.6330509185791,8831
,,,,,,0.0005,,8832
192,0.0008906249422580004,0.00037482200423255563,0.00015471939695999026,0.0003610835410654545,0.0052084061317145824,,17.645158767700195,8877
,,,,,,0.0005,,8878
193,0.0011320582125335932,0.0003074464329984039,4.608514700521482e-06,0.0008200033335015178,0.005126879550516605,,17.48261833190918,8923
,,,,,,0.0005,,8924
194,0.0007755787810310721,0.0004138171789236367,1.4086316696193535e-05,0.0003476751735433936,0.005039853509515524,,17.791776657104492,8969
,,,,,,0.0005,,8970
195,0.0009988027159124613,0.00040262576658278704,1.2793943824362941e-05,0.0005833831964991987,0.004959032405167818,,17.752498626708984,9015
,,,,,,0.0005,,9016
196,0.001404920476488769,0.00032594779622741044,0.00019059986516367644,0.0008883725968189538,0.004887950140982866,,17.660640716552734,9061
,,,,,,0.0005,,9062
197,0.0017866684356704354,0.00029015407199040055,0.00034099200274795294,0.001155522302724421,0.004825924523174763,,17.433320999145508,9107
,,,,,,0.0005,,9108
198,0.0013591361930593848,0.0003387440519873053,0.00012379212421365082,0.0008966001332737505,0.004756588488817215,,17.609352111816406,9153
,,,,,,0.0005,,9154
199,0.001222776947543025,0.00037070756661705673,3.449807991273701e-05,0.0008175711263902485,0.0046859122812747955,,17.63480567932129,9199
,,,,,,0.0005,,9200
200,0.0010838957969099283,0.00035301121533848345,5.028765008319169e-05,0.0006805964512750506,0.004613872151821852,,17.567577362060547,9245
,,,,,,0.0005,,9246
201,0.002548381919041276,0.00033538605202920735,5.222443724051118e-05,0.002160771517083049,0.0045725624077022076,,17.232114791870117,9291
,,,,,,0.0005,,9292
202,0.002283629961311817,0.0003802822029683739,1.619922295503784e-05,0.001887148362584412,0.004526783712208271,,16.909433364868164,9337
,,,,,,0.0005,,9338
203,0.0013428580714389682,0.0004257714026607573,0.00012381297710817307,0.0007932737935334444,0.004463104996830225,,16.914880752563477,9383
,,,,,,0.0005,,9384
204,0.001092370948754251,0.0003712977922987193,0.0003175659803673625,0.00040350714698433876,0.004395690280944109,,16.837282180786133,9429
,,,,,,0.0005,,9430
205,0.0008315524901263416,0.0004191584885120392,0.00010346782073611394,0.0003089263627771288,0.004324407782405615,,16.964557647705078,9475
,,,,,,0.0005,,9476
206,0.0014908508164808154,0.0003221753577236086,0.00018059379362966865,0.000988081912510097,0.004267736338078976,,16.79989242553711,9521
,,,,,,0.0005,,9522
207,0.001084670191630721,0.00036385489511303604,4.333298420533538e-05,0.0006774826324544847,0.004204075317829847,,16.792787551879883,9567
,,,,,,0.0005,,9568
208,0.0008608305361121893,0.00033639397588558495,7.958553760545328e-05,0.00044485097168944776,0.004137210547924042,,16.885448455810547,9613
,,,,,,0.0005,,9614
209,0.0012320926180109382,0.00030716590117663145,3.48933317582123e-05,0.0008900335524231195,0.004079108126461506,,17.084501266479492,9659
,,,,,,0.0005,,9660
210,0.0012018790002912283,0.0003139355103485286,6.707308057229966e-05,0.0008208705112338066,0.004021563567221165,,17.012659072875977,9705
,,,,,,0.0005,,9706
211,0.0012308661825954914,0.00034880093880929053,9.438871347811073e-05,0.0007876766030676663,0.003965749405324459,,17.247432708740234,9751
,,,,,,0.0005,,9752
212,0.0011450443416833878,0.00032851655851118267,9.312442125519738e-05,0.0007234031800180674,0.003909335471689701,,17.24686050415039,9797
,,,,,,0.0005,,9798
213,0.0008229301893152297,0.0003034923574887216,0.000154919020133093,0.0003645186952780932,0.0038476071786135435,,17.188159942626953,9843
,,,,,,0.0005,,9844
214,0.0019328034250065684,0.00021230803395155817,0.0002020917454501614,0.0015184041112661362,0.003809311194345355,,17.1936092376709,9889
,,,,,,0.0005,,9890
215,0.0013545447727665305,0.0003353965876158327,0.00027137150755152106,0.0007477764156647027,0.003760215826332569,,17.065744400024414,9935
,,,,,,0.0005,,9936
216,0.0010314977262169123,0.0002901055268011987,0.00034032738767564297,0.0004010647244285792,0.0037056414876133204,,17.017690658569336,9981
,,,,,,0.0005,,9982
217,0.0011211663950234652,0.0004992054891772568,0.00021060032304376364,0.0004113604372832924,0.003653951920568943,,17.22749900817871,10027
,,,,,,0.0005,,10028
218,0.0010258432012051344,0.00029079130035825074,0.0001152281547547318,0.000619824044406414,0.003601389704272151,,17.164831161499023,10073
,,,,,,0.0005,,10074
219,0.0015692501328885555,0.00037213953328318894,3.808740439126268e-05,0.0011590231442824006,0.003560747019946575,,16.88866424560547,10119
,,,,,,0.0005,,10120
220,0.0009689904400147498,0.0003723248082678765,7.178098258009413e-06,0.0005894876667298377,0.003508911933749914,,16.901718139648438,10165
,,,,,,0.0005,,10166
221,0.0006995287840254605,0.0002551846264395863,8.62355955177918e-06,0.00043572051799856126,0.0034527243115007877,,16.85157012939453,10211
,,,,,,0.0005,,10212
222,0.001318841241300106,0.0002603100147098303,4.666632958105765e-05,0.0010118646314367652,0.0034100464545190334,,16.90938949584961,10257
,,,,,,0.0005,,10258
223,0.0010469747940078378,0.0002492448838893324,4.014433943666518e-05,0.0007575857453048229,0.003362785093486309,,16.942779541015625,10303
,,,,,,0.0005,,10304
224,0.0006631282740272582,0.00023851063451729715,1.449828596378211e-05,0.0004101194499526173,0.0033087919000536203,,17.185625076293945,10349
,,,,,,0.0005,,10350
225,0.0005405115080066025,0.00018504423496779054,4.3938725866610184e-05,0.0003115285362582654,0.0032534264028072357,,17.2935848236084,10395
,,,,,,0.0005,,10396
226,0.000979329110123217,0.00030161894392222166,0.00021278114581946284,0.000464928918518126,0.003207944333553314,,17.198396682739258,10441
,,,,,,0.0005,,10442
227,0.0009464902686886489,0.0002085154555970803,0.00017847956041805446,0.0005594953545369208,0.0031627153512090445,,17.313879013061523,10487
,,,,,,0.0005,,10488
228,0.0009299460798501968,0.00021577735606115311,0.00012450444046407938,0.0005896643851883709,0.003118060063570738,,17.290952682495117,10533
,,,,,,0.0005,,10534
229,0.0016509313136339188,0.0004317995917517692,0.0001464976230636239,0.001072634244337678,0.0030887173488736153,,17.519390106201172,10579
,,,,,,0.0005,,10580
230,0.0011379661737009883,0.0003809425397776067,0.00015600315236952156,0.0006010206998325884,0.0030497023835778236,,17.69588279724121,10625
,,,,,,0.0005,,10626
231,0.0007623406709171832,0.0003267739957664162,0.00011928932508453727,0.0003162772336509079,0.0030039551202207804,,17.593536376953125,10671
,,,,,,0.0005,,10672
232,0.001491537201218307,0.0003868576022796333,8.991430513560772e-05,0.0010147657012566924,0.0029737066943198442,,17.626480102539062,10717
,,,,,,0.0005,,10718
233,0.000697855488397181,0.00019847432849928737,2.096163916576188e-05,0.0004784196789842099,0.0029281897004693747,,17.258747100830078,10763
,,,,,,0.0005,,10764
234,0.0009506469941698015,0.0002318169572390616,0.00021802062110509723,0.0005008095176890492,0.0028886389918625355,,17.237930297851562,10809
,,,,,,0.0005,,10810
235,0.0006855144747532904,0.00016201705147977918,0.0001435562444385141,0.00037994133890606463,0.0028445764910429716,,17.35184669494629,10855
,,,,,,0.0005,,10856
236,0.0006798511021770537,0.00018641653878148645,0.00012403099390212446,0.00036940351128578186,0.002801281865686178,,17.283254623413086,10901
,,,,,,0.0005,,10902
237,0.0008424842962995172,0.00016174564370885491,5.050127219874412e-05,0.0006302374531514943,0.0027621060144156218,,17.463008880615234,10947
,,,,,,0.0005,,10948
238,0.0009015081450343132,0.0001562771067256108,2.843915717676282e-05,0.0007167918956838548,0.0027248940896242857,,17.377904891967773,10993
,,,,,,0.0005,,10994
239,0.0004875027225352824,0.00018599777831695974,1.7318800018983893e-05,0.000284186186036095,0.002680146135389805,,17.545970916748047,11039
,,,,,,0.0005,,11040
240,0.0025877286680042744,0.00016277229588013142,7.73670421949646e-07,0.002424182603135705,0.0026782979257404804,,17.42236328125,11085
,,,,,,0.0005,,11086
241,0.00283352960832417,0.00016354852414224297,7.949654900585301e-06,0.00266203167848289,0.002681402489542961,,17.083446502685547,11131
,,,,,,0.0005,,11132
242,0.0012581986375153065,0.00019677443196997046,3.4773204333760077e-06,0.0010579469380900264,0.0026529384776949883,,17.031322479248047,11177
,,,,,,0.0005,,11178
243,0.0009008070919662714,0.0001788569934433326,2.5251152692362666e-05,0.0006966987275518477,0.0026178958360105753,,16.9180850982666,11223
,,,,,,0.0005,,11224
244,0.0007803323096595705,0.000189636237337254,0.00018742769316304475,0.00040326835005544126,0.0025811444502323866,,16.940282821655273,11269
,,,,,,0.0005,,11270
245,0.0007753581157885492,0.000167960868566297,4.795029235538095e-05,0.0005594466929323971,0.002545028692111373,,17.00890350341797,11315
,,,,,,0.0005,,11316
246,0.0009737503132782876,0.00017284548084717244,0.00019511058053467423,0.0006057943101041019,0.0025136033073067665,,16.99540901184082,11361
,,,,,,0.0005,,11362
247,0.001044524135068059,0.00016783559112809598,0.0002722688368521631,0.0006044197943992913,0.0024842217098921537,,16.90391731262207,11407
,,,,,,0.0005,,11408
248,0.0013966938713565469,0.0003049803781323135,1.3986526028020307e-05,0.0010777268325909972,0.0024624711368232965,,16.8718204498291,11453
,,,,,,0.0005,,11454
249,0.0006435627583414316,0.00018453293887432665,2.3656824851059355e-05,0.00043537296005524695,0.002426092978566885,,16.882200241088867,11499
,,,,,,0.0005,,11500
250,0.0010612279875203967,0.00026818347396329045,3.2718744478188455e-05,0.0007603258127346635,0.0023987956810742617,,16.887060165405273,11545
,,,,,,0.0005,,11546
251,0.0008941963315010071,0.00018252870358992368,1.7605475477466825e-06,0.000709907035343349,0.002368703717365861,,16.95118522644043,11591
,,,,,,0.0005,,11592
252,0.000595037650782615,0.00024586409563198686,5.650842467730399e-06,0.0003435227263253182,0.0023332303389906883,,16.978622436523438,11637
,,,,,,0.0005,,11638
253,0.0007562054670415819,0.00015199986228253692,2.6068992156069726e-05,0.0005781365907751024,0.0023016897030174732,,17.02637481689453,11683
,,,,,,0.0005,,11684
254,0.0012688206043094397,0.00039814331103116274,6.47073466097936e-05,0.0008059699321165681,0.0022810325026512146,,16.839311599731445,11729
,,,,,,0.0005,,11730
255,0.0009006214095279574,0.0001250829518539831,0.00010891188867390156,0.0006666264962404966,0.0022534241434186697,,16.771047592163086,11775
,,,,,,0.0005,,11776
256,0.0015088286017999053,0.00013634531933348626,0.00016988984134513885,0.001202593557536602,0.002238532295450568,,16.86444854736328,11821
,,,,,,0.0005,,11822
257,0.0026106222067028284,0.0001789857487892732,0.00047745928168296814,0.001954177860170603,0.002245974028483033,,16.82396125793457,11867
,,,,,,0.0005,,11868
258,0.0006180022610351443,0.00012465431063901633,0.00025496952002868056,0.00023837832850404084,0.0022134145256131887,,16.430191040039062,11913
,,,,,,0.0005,,11914
259,0.0007305122562684119,0.0002230394893558696,4.3435276893433183e-05,0.0004640374972950667,0.002183756558224559,,16.45337677001953,11959
,,,,,,0.0005,,11960
260,0.0007606089347973466,0.00012790822074748576,0.00033874655491672456,0.0002939541300293058,0.0021552937105298042,,16.435388565063477,12005
,,,,,,0.0005,,12006
261,0.0014797254698351026,0.0003208930720575154,0.000275740516372025,0.0008830918231979012,0.0021417823154479265,,16.446203231811523,12051
,,,,,,0.0005,,12052
262,0.0009639267227612436,0.00026031717425212264,9.460108412895352e-05,0.0006090085371397436,0.002118225209414959,,16.29474639892578,12097
,,,,,,0.0005,,12098
263,0.0007945054676383734,0.0002653646224644035,3.623488964876742e-06,0.0005255173309706151,0.0020917507354170084,,16.32599639892578,12143
,,,,,,0.0005,,12144
264,0.0010130974696949124,0.00014735458535142243,9.043576937983744e-06,0.0008566992473788559,0.002070177812129259,,16.225801467895508,12189
,,,,,,0.0005,,12190
265,0.0007764030015096068,0.0001491464499849826,1.4846650628896896e-05,0.000612409960012883,0.0020443021785467863,,16.09446907043457,12235
,,,,,,0.0005,,12236
266,0.001083852956071496,0.00015635346062481403,7.689123594900593e-05,0.0008506081067025661,0.0020250931847840548,,15.970985412597656,12281
,,,,,,0.0005,,12282
267,0.0006559402099810541,0.00014647092029917985,0.0001845007500378415,0.00032496865605935454,0.001997710205614567,,16.02902603149414,12327
,,,,,,0.0005,,12328
268,0.000670439621899277,0.00013114990724716336,5.531696842808742e-06,0.0005337578477337956,0.001971164718270302,,16.086441040039062,12373
,,,,,,0.0005,,12374
269,0.0012936886632815003,0.00012983614578843117,5.504345608642325e-06,0.0011583480518311262,0.001957615138962865,,15.8123197555542,12419
,,,,,,0.0005,,12420
270,0.0007748798816464841,0.0001420400949427858,3.9142637433542404e-06,0.0006289253360591829,0.0019339604768902063,,15.930163383483887,12465
,,,,,,0.0005,,12466
271,0.0028248289600014687,0.00011034523777198046,0.00014945340808480978,0.0025650300085544586,0.0019517778418958187,,15.622398376464844,12511
,,,,,,0.0005,,12512
272,0.0009617824107408524,0.00022821841412223876,4.227539830026217e-05,0.0006912884418852627,0.0019319780403748155,,15.493462562561035,12557
,,,,,,0.0005,,12558
273,0.0006614295416511595,0.00015849762712605298,0.00010470725101185963,0.00039822468534111977,0.001906567020341754,,15.648868560791016,12603
,,,,,,0.0005,,12604
274,0.0021038041450083256,0.0002455963403917849,7.375562563538551e-05,0.0017844528192654252,0.0019105117535218596,,15.71881103515625,12649
,,,,,,0.0005,,12650
275,0.0018486949848011136,0.00022582546807825565,3.284443437223672e-06,0.0016195849748328328,0.0019092754228040576,,15.519218444824219,12695
,,,,,,0.0005,,12696
276,0.0010746946791186929,0.0001890559942694381,8.156620765475964e-07,0.0008848229772411287,0.0018925837939605117,,15.331034660339355,12741
,,,,,,0.0005,,12742
277,0.0006263197283260524,0.00015116551367100328,6.904916062921984e-06,0.00046824925811961293,0.0018672585720196366,,15.206008911132812,12787
,,,,,,0.0005,,12788
278,0.0006562424241565168,0.00014254396955948323,0.000163001284818165,0.00035069705336354673,0.001843038247898221,,15.253377914428711,12833
,,,,,,0.0005,,12834
279,0.0016931332647800446,0.00013552451855503023,0.0008396709454245865,0.0007179377134889364,0.0018400400876998901,,15.206888198852539,12879
,,,,,,0.0005,,12880
280,0.0014025748241692781,0.00016662021516822278,0.0002049845497822389,0.001030969899147749,0.001831290777772665,,15.072396278381348,12925
,,,,,,0.0005,,12926
281,0.0011518384562805295,0.00012957576836925,4.6853623643983155e-05,0.0009754091734066606,0.0018177017336711287,,15.057388305664062,12971
,,,,,,0.0005,,12972
282,0.0007135580526664853,0.000144053585245274,2.900061008404009e-05,0.000540503824595362,0.0017956189112737775,,14.981673240661621,13017
,,,,,,0.0005,,13018
283,0.001230611465871334,0.0001301631418755278,0.0003968762175645679,0.0007035718881525099,0.0017843187088146806,,14.994916915893555,13063
,,,,,,0.0005,,13064
284,0.0013322749873623252,0.00015634094597771764,0.00011654925037873909,0.0010593850165605545,0.0017752778949216008,,14.946416854858398,13109
,,,,,,0.0005,,13110
285,0.00044645663001574576,0.0001057141344062984,1.2906855772598647e-05,0.00032783555798232555,0.0017487014411017299,,14.977295875549316,13155
,,,,,,0.0005,,13156
286,0.0004847578820772469,0.00014463298430200666,1.3083046724204905e-05,0.0003270420420449227,0.001723422552458942,,15.120682716369629,13201
,,,,,,0.0005,,13202
287,0.0006444375030696392,0.00012776626681443304,7.187813025666401e-05,0.00044479314237833023,0.0017018428770825267,,15.210774421691895,13247
,,,,,,0.0005,,13248
288,0.000752468011341989,0.00014167027256917208,0.00020324414072092623,0.0004075534816365689,0.00168285530526191,,15.394250869750977,13293
,,,,,,0.0005,,13294
289,0.0009457555133849382,0.00011051052570110187,0.00019073174917139113,0.0006445133476518095,0.0016681134002283216,,15.273284912109375,13339
,,,,,,0.0005,,13340
290,0.0010488445404917002,0.00011546593304956332,5.78584149479866e-05,0.0008755201706662774,0.001655727974139154,,15.258569717407227,13385
,,,,,,0.0005,,13386
291,0.0009020924335345626,9.262032835977152e-05,0.00018271300359629095,0.0006267591379582882,0.0016406553331762552,,15.332303047180176,13431
,,,,,,0.0005,,13432
292,0.0015066720079630613,0.00019441278709564358,0.00014860174269415438,0.0011636577546596527,0.001637975568883121,,15.379714965820312,13477
,,,,,,0.0005,,13478
293,0.0005733042489737272,8.322209032485262e-05,9.762517584022135e-05,0.0003924570046365261,0.0016166821587830782,,15.06554889678955,13523
,,,,,,0.0005,,13524
294,0.0013838865561410785,0.00022817515127826482,2.0470366507652216e-05,0.0011352411238476634,0.0016120262444019318,,15.26597785949707,13569
,,,,,,0.0005,,13570
295,0.0009920209413394332,0.0002801464288495481,4.475170044315746e-06,0.0007073993911035359,0.001599626149982214,,15.400866508483887,13615
,,,,,,0.0005,,13616
296,0.0007376193534582853,0.00010671493510017172,2.9028245990048163e-05,0.0006018761196173728,0.0015823859721422195,,15.133232116699219,13661
,,,,,,0.0005,,13662
297,0.00047356600407510996,7.712112710578367e-05,4.261360300006345e-05,0.00035383133217692375,0.0015602096682414412,,14.929794311523438,13707
,,,,,,0.0005,,13708
298,0.0028271155897527933,0.00016152321768458933,9.837507968768477e-05,0.0025672169867902994,0.0015855476958677173,,15.017535209655762,13753
,,,,,,0.0005,,13754
299,0.002911560470238328,0.00019301784050185233,0.0001358783192699775,0.0025826646015048027,0.0016120680375024676,,14.555692672729492,13799
,,,,,,0.0005,,13800
300,0.0009757885709404945,0.0001392037229379639,7.47372268961044e-06,0.0008291111444123089,0.0015993424458429217,,14.28099536895752,13845
,,,,,,0.0005,,13846
301,0.0011377977207303047,0.00011476936197141185,6.339646915876074e-06,0.0010166887659579515,0.0015901115257292986,,14.174396514892578,13891
,,,,,,0.0005,,13892
302,0.0014533394714817405,0.0002022010594373569,3.256167474319227e-05,0.001218576799146831,0.001587376114912331,,14.225354194641113,13937
,,,,,,0.0005,,13938
303,0.0008171818917617202,0.00012792534835170954,2.227221557404846e-05,0.0006669841823168099,0.001571972155943513,,14.237092971801758,13983
,,,,,,0.0005,,13984
304,0.0013323634630069137,0.00022422453912440687,8.164875180227682e-05,0.0010264901211485267,0.001567180035635829,,14.233905792236328,14029
,,,,,,0.0005,,14030
305,0.0012755757197737694,0.00014333579747471958,2.494109321560245e-05,0.0011072986526414752,0.001561347977258265,,13.976433753967285,14075
,,,,,,0.0005,,14076
306,0.0006367574678733945,0.00021366236614994705,4.750756488647312e-05,0.00037558760959655046,0.0015428561018779874,,14.10737133026123,14121
,,,,,,0.0005,,14122
307,0.0005586625193245709,0.0001469019043724984,4.8629852244630456e-05,0.0003631308500189334,0.0015231722500175238,,14.209855079650879,14167
,,,,,,0.0005,,14168
308,0.0008760960190556943,0.0001455738238291815,7.232295320136473e-05,0.0006581993075087667,0.001510230707935989,,14.006933212280273,14213
,,,,,,0.0005,,14214
309,0.0005923351272940636,9.215330646838993e-05,0.0001878949551610276,0.00031228683656081557,0.001491872826591134,,14.097868919372559,14259
,,,,,,0.0005,,14260
310,0.0011721374467015266,8.720187179278582e-05,0.0003486816422082484,0.0007362542091868818,0.0014854781329631805,,13.998709678649902,14305
,,,,,,0.0005,,14306
311,0.001205208245664835,0.00011708197416737676,0.00013286032481119037,0.0009552658884786069,0.0014798727352172136,,14.011139869689941,14351
,,,,,,0.0005,,14352
312,0.0010995302582159638,0.00011018791701644659,1.6498102922923863e-05,0.0009728444274514914,0.0014722658088430762,,14.10463809967041,14397
,,,,,,0.0005,,14398
313,0.0008098955731838942,7.837916200514883e-05,8.021102985367179e-06,0.0007234953227452934,0.001459018443711102,,14.029866218566895,14443
,,,,,,0.0005,,14444
314,0.001343840966001153,0.0003574358415789902,4.433359936228953e-05,0.0009420717251487076,0.0014567149337381124,,14.061568260192871,14489
,,,,,,0.0005,,14490
315,0.0009934159461408854,0.00011746464588213712,5.446795512398239e-06,0.0008705044747330248,0.0014474489726126194,,13.905320167541504,14535
,,,,,,0.0005,,14536
316,0.0007339318981394172,8.34525199024938e-05,2.432900828353013e-06,0.0006480465526692569,0.00143317854963243,,13.918208122253418,14581
,,,,,,0.0005,,14582
317,0.0009355992660857737,8.649556548334658e-05,4.690718014899176e-06,0.0008444130071438849,0.0014232270186766982,,13.870498657226562,14627
,,,,,,0.0005,,14628
318,0.001187633373774588,8.93208707566373e-05,1.3159442460164428e-05,0.001085153198800981,0.001418515108525753,,13.861953735351562,14673
,,,,,,0.0005,,14674
319,0.0008479620446451008,9.388449689140543e-05,2.3882761524873786e-05,0.0007301948498934507,0.0014071040786802769,,13.653216361999512,14719
,,,,,,0.0005,,14720
320,0.0006539179012179375,0.00011872888717334718,0.00022277660900726914,0.0003124121867585927,0.001392040285281837,,13.846027374267578,14765
,,,,,,0.0005,,14766
321,0.0004653279029298574,0.00011077709496021271,0.00016626839351374656,0.0001882825599750504,0.0013735061511397362,,13.688286781311035,14811
,,,,,,0.0005,,14812
322,0.0018681248184293509,0.0005197334103286266,1.7669886801741086e-05,0.0013307214248925447,0.0013833984266966581,,13.451029777526855,14857
,,,,,,0.0005,,14858
323,0.0008642819011583924,8.647020149510354e-05,2.38258530771418e-06,0.00077542889630422,0.0013730161590501666,,13.434510231018066,14903
,,,,,,0.0005,,14904
324,0.0010000822367146611,8.486217120662332e-05,1.1131112387374742e-06,0.0009141067857854068,0.001365557429380715,,13.42911434173584,14949
,,,,,,0.0005,,14950
325,0.0005147333722561598,8.679334860062227e-05,2.375542862864677e-05,0.0004041846259497106,0.0013485410017892718,,13.412911415100098,14995
,,,,,,0.0005,,14996
326,0.0011767512187361717,0.0001187833258882165,7.237032696139067e-05,0.0009855976095423102,0.0013451052363961935,,13.430384635925293,15041
,,,,,,0.0005,,15042
327,0.0010645833099260926,0.00011201916640857235,9.81968787527876e-06,0.0009427442564629018,0.0013394947163760662,,13.422152519226074,15087
,,,,,,0.0005,,15088
328,0.0007366535719484091,7.58067617425695e-05,1.488845646235859e-05,0.000645958527456969,0.001327437930740416,,13.225348472595215,15133
,,,,,,0.0005,,15134
329,0.0007406736258417368,0.00019650346075650305,0.00018816060037352145,0.00035600963747128844,0.0013157026842236519,,13.382899284362793,15179
,,,,,,0.0005,,15180
330,0.000813485705293715,0.00010177414515055716,1.553704532852862e-05,0.0006961744511500001,0.0013056582538411021,,13.398420333862305,15225
,,,,,,0.0005,,15226
331,0.0006619860068894923,0.0003501054015941918,2.5538694899296388e-05,0.00028634187765419483,0.001292784814722836,,13.320124626159668,15271
,,,,,,0.0005,,15272
332,0.0008486883016303182,7.330693915719166e-05,1.1065404578403104e-05,0.0007643159478902817,0.00128390290774405,,13.386076927185059,15317
,,,,,,0.0005,,15318
333,0.002267721574753523,0.0002490278275217861,3.7666625303245382e-06,0.0020149273332208395,0.0013035793090239167,,13.312870025634766,15363
,,,,,,0.0005,,15364
334,0.0014079081593081355,9.295097697759047e-05,4.586283466778696e-06,0.0013103709788993,0.0013056658208370209,,13.177363395690918,15409
,,,,,,0.0005,,15410
335,0.0009501673048362136,7.20970710972324e-05,2.0803301595151424e-05,0.000857266946695745,0.0012985558714717627,,13.021236419677734,15455
,,,,,,0.0005,,15456
336,0.000587429734878242,0.00010327593190595508,5.081782001070678e-05,0.00043333586654625833,0.001284333411604166,,12.990128517150879,15501
,,,,,,0.0005,,15502
337,0.0005172865930944681,7.4324372690171e-05,4.74320449939114e-06,0.0004382191109471023,0.0012689924333244562,,12.935954093933105,15547
,,,,,,0.0005,,15548
338,0.0007026912644505501,0.0001213193463627249,1.9084955056314357e-05,0.0005622870521619916,0.0012576663866639137,,13.229839324951172,15593
,,,,,,0.0005,,15594
339,0.00238318950869143,0.00014146906323730946,4.8241348849842325e-05,0.0021934788674116135,0.0012801769189536572,,13.18806266784668,15639
,,,,,,0.0005,,15640
340,0.001063203439116478,8.975863602245227e-05,3.097004446317442e-05,0.0009424747549928725,0.0012758374214172363,,12.839761734008789,15685
,,,,,,0.0005,,15686
341,0.00123063032515347,0.0001130292221205309,2.8729902624036185e-05,0.0010888713877648115,0.0012749332236126065,,12.692797660827637,15731
,,,,,,0.00025,,15732
342,0.00020164778106845915,7.498163176933303e-05,1.1517563507368322e-05,0.00011514859215822071,0.0012534675188362598,,12.790115356445312,15777
,,,,,,0.00025,,15778
343,0.00020401790970936418,9.551856783218682e-05,9.483939038545941e-07,0.00010755093535408378,0.0012324785348027945,,12.973365783691406,15823
,,,,,,0.00025,,15824
344,0.00019956617325078696,8.486314618494362e-05,4.357939360488672e-07,0.00011426719720475376,0.0012118202866986394,,13.044827461242676,15869
,,,,,,0.00025,,15870
345,0.0001375551801174879,5.1911203627241775e-05,6.125999334471999e-07,8.503136632498354e-05,0.0011903350241482258,,13.129167556762695,15915
,,,,,,0.00025,,15916
346,0.00039034360088407993,4.772773536387831e-05,1.0385271025370457e-06,0.0003415773098822683,0.0011743351351469755,,13.203949928283691,15961
,,,,,,0.00025,,15962
347,0.0006458653369918466,4.797845031134784e-05,1.1404252973079565e-06,0.0005967465694993734,0.001163765788078308,,13.231635093688965,16007
,,,,,,0.00025,,16008
348,0.00046195770846679807,4.350508243078366e-05,8.231268111558165e-07,0.00041762954788282514,0.0011497295927256346,,13.165644645690918,16053
,,,,,,0.00025,,16054
349,0.00016380356100853533,4.421191260917112e-05,1.073746602742176e-06,0.00011851784802274778,0.0011300110490992665,,13.249756813049316,16099
,,,,,,0.00025,,16100
350,0.00021291259326972067,3.107678276137449e-05,3.32834679284133e-06,0.000178507441887632,0.001111669116653502,,13.29985523223877,16145
,,,,,,0.00025,,16146
351,0.00019568433344829828,3.5460732760839164e-05,4.350529252405977e-07,0.0001597885275259614,0.0010933494195342064,,13.397733688354492,16191
,,,,,,0.00025,,16192
352,0.0002462803677190095,5.447060539154336e-05,1.7210201974648953e-07,0.00019163764955010265,0.0010764080798253417,,13.4769926071167,16237
,,,,,,0.00025,,16238
353,0.0001999831583816558,3.069224476348609e-05,5.374942020353046e-07,0.00016875345318112522,0.001058879541233182,,13.42746353149414,16283
,,,,,,0.00025,,16284
354,0.00023854761093389243,3.1110423151403666e-05,9.511934422334889e-07,0.00020648600184358656,0.0010424728970974684,,13.459524154663086,16329
,,,,,,0.00025,,16330
355,0.0002662430051714182,2.3385977328871377e-05,1.991041926885373e-06,0.00024086597841233015,0.0010269483318552375,,13.504117012023926,16375
,,,,,,0.00025,,16376
356,0.00015415367670357227,2.4411316189798526e-05,4.835961817661882e-07,0.00012925875489600003,0.0010094924364238977,,13.651464462280273,16421
,,,,,,0.00025,,16422
357,0.0007408418459817767,2.784109346976038e-05,1.244641566700011e-06,0.0007117560598999262,0.0010041194036602974,,13.648205757141113,16467
,,,,,,0.00025,,16468
358,0.0008529499755240977,3.071525497944094e-05,7.148543659241113e-07,0.0008215199923142791,0.00100109598133713,,13.543710708618164,16513
,,,,,,0.00025,,16514
359,0.0004023407818749547,3.921898314729333e-05,3.7607449598908715e-07,0.000362745689926669,0.0009891209192574024,,13.537371635437012,16559
,,,,,,0.00025,,16560
360,0.0001481398066971451,2.5373130483785644e-05,4.2721308091131505e-06,0.00011849453585455194,0.0009723012917675078,,13.505887985229492,16605
,,,,,,0.00025,,16606
361,0.00017265736823901534,3.1513314752373844e-05,2.143792926290189e-06,0.00013900024350732565,0.000956308445893228,,13.606976509094238,16651
,,,,,,0.00025,,16652
362,0.00012875415268354118,1.7541704437462613e-05,2.190935674661887e-06,0.00010902152280323207,0.0009397573303431273,,13.692215919494629,16697
,,,,,,0.00025,,16698
363,0.00013011231203563511,2.9309278033906594e-05,8.004904884728603e-06,9.279813093598932e-05,0.0009235644247382879,,13.723901748657227,16743
,,,,,,0.00025,,16744
364,0.00031434473930858076,1.2674284334934782e-05,1.221691672981251e-05,0.00028945354279130697,0.0009113800479099154,,13.793853759765625,16789
,,,,,,0.00025,,16790
365,0.0001499519421486184,2.0081879483768716e-05,2.214134156020009e-06,0.0001276559050893411,0.0008961514686234295,,13.79675006866455,16835
,,,,,,0.00025,,16836
366,0.00027320251683704555,1.693653393886052e-05,5.546000465983525e-06,0.00025072001153603196,0.0008836925262585282,,13.78475284576416,16881
,,,,,,0.00025,,16882
367,0.0002640552120283246,2.6463225367479026e-05,2.8152453523944132e-05,0.00020943953131791204,0.0008712997660040855,,13.751136779785156,16927
,,,,,,0.00025,,16928
368,0.0005007358849979937,3.538375676725991e-05,2.0946523363818415e-05,0.00044440559577196836,0.0008638884755782783,,13.768898010253906,16973
,,,,,,0.00025,,16974
369,0.00045548309572041035,1.1899192031705752e-05,1.0787905011966359e-05,0.0004327960195951164,0.0008557203691452742,,13.744352340698242,17019
,,,,,,0.00025,,17020
370,0.0001470307761337608,1.9038232494494878e-05,1.6750065697124228e-05,0.00011124251614091918,0.0008415465708822012,,13.681961059570312,17065
,,,,,,0.00025,,17066
371,0.0003141298075206578,1.5149644241319038e-05,2.3686710846959613e-05,0.00027529336512088776,0.0008309982367791235,,13.65851879119873,17111
,,,,,,0.00025,,17112
372,0.00014487373118754476,1.0015144653152674e-05,1.8471017028787173e-05,0.00011638755677267909,0.0008172757807187736,,13.681859970092773,17157
,,,,,,0.00025,,17158
373,0.00020089758618269116,1.5905137843219563e-05,2.8932468012499157e-06,0.00018209920381195843,0.000804948213044554,,13.62441635131836,17203
,,,,,,0.00025,,17204
374,0.00027600754401646554,1.9154966139467433e-05,6.995080639171647e-06,0.00024985751952044666,0.0007943693781271577,,13.640071868896484,17249
,,,,,,0.00025,,17250
375,0.00011302497296128422,1.497824996476993e-05,4.650341907108668e-06,9.339637472294271e-05,0.0007807424990460277,,13.691886901855469,17295
,,,,,,0.00025,,17296
376,0.00015358618111349642,1.7907474102685228e-05,1.4105472700975952e-06,0.0001342681352980435,0.0007681993884034455,,13.759536743164062,17341
,,,,,,0.00025,,17342
377,0.0001464548404328525,1.089225315809017e-05,4.914802957500797e-06,0.00013064777886029333,0.0007557644858025014,,13.814189910888672,17387
,,,,,,0.00025,,17388
378,0.0003186170943081379,5.224543565418571e-05,1.1087010534538422e-05,0.0002552846563048661,0.0007470215205103159,,13.737916946411133,17433
,,,,,,0.00025,,17434
379,0.00021200288028921932,1.3569937436841428e-05,2.165908426832175e-06,0.00019626703578978777,0.0007363211479969323,,13.726164817810059,17479
,,,,,,0.00025,,17480
380,0.00031117876642383635,9.309409506386146e-05,2.506680630176561e-06,0.0002155779948225245,0.0007278182893060148,,13.788351058959961,17525
,,,,,,0.00025,,17526
381,0.00017904667765833437,1.6782336388132535e-05,2.217085921074613e-06,0.000160047275130637,0.000716842885594815,,13.796260833740234,17571
,,,,,,0.00025,,17572
382,0.00034908263478428125,1.42478393172496e-05,9.856178076006472e-05,0.00023627298651263118,0.0007094876491464674,,13.888265609741211,17617
,,,,,,0.00025,,17618
383,0.0002704703947529197,4.048203118145466e-05,9.846305329119787e-05,0.00013152537576388568,0.0007007073145359755,,13.820460319519043,17663
,,,,,,0.00025,,17664
384,0.00018089993682224303,1.1372267181286588e-05,5.9404178500699345e-06,0.00016358724678866565,0.0006903111934661865,,13.794855117797852,17709
,,,,,,0.00025,,17710
385,0.00017334030417259783,9.123383279074915e-06,2.3656798475713003e-06,0.00016185127606149763,0.0006799717666581273,,13.724654197692871,17755
,,,,,,0.00025,,17756
386,0.0003648419806268066,2.3879458240116946e-05,1.1696212141032447e-06,0.00033979289582930505,0.0006736691575497389,,13.747363090515137,17801
,,,,,,0.00025,,17802
387,0.00022184444242157042,1.0693152944440953e-05,1.2038478871545522e-06,0.00020994743681512773,0.0006646326510235667,,13.681021690368652,17847
,,,,,,0.00025,,17848
388,0.00022254853683989495,1.818384407670237e-05,9.811632253331481e-07,0.0002033835044130683,0.0006557909655384719,,13.728650093078613,17893
,,,,,,0.00025,,17894
389,0.00018749551963992417,4.54226101282984e-05,9.054074894265796e-07,0.00014116753300186247,0.0006464250618591905,,13.71047592163086,17939
,,,,,,0.00025,,17940
390,0.00023157296527642757,1.7648140783421695e-05,4.913949851470534e-07,0.00021343342086765915,0.000638128025457263,,13.70377254486084,17985
,,,,,,0.00025,,17986
391,0.00023569207405671477,1.0200201359111816e-05,9.265152129955823e-07,0.00022456540318671614,0.0006300793029367924,,13.684830665588379,18031
,,,,,,0.00025,,18032
392,0.00039081647992134094,1.02803223853698e-05,1.5126446442081942e-06,0.00037902354961261153,0.0006252940511330962,,13.617286682128906,18077
,,,,,,0.00025,,18078
393,0.00029365019872784615,8.853712643031031e-06,9.738544122228632e-07,0.0002838226791936904,0.0006186611717566848,,13.603302955627441,18123
,,,,,,0.00025,,18124
394,0.00047394601278938353,1.3103682249493431e-05,4.934394155498012e-07,0.00046034896513447165,0.0006157668540254235,,13.580166816711426,18169
,,,,,,0.00025,,18170
395,0.00034152116859331727,1.2489951586758252e-05,8.183446880138945e-07,0.000328212947351858,0.0006102819461375475,,13.486634254455566,18215
,,,,,,0.00025,,18216
396,0.00033557566348463297,1.0004331670643296e-05,1.1556194294826128e-05,0.00031401519663631916,0.0006047878414392471,,13.395895957946777,18261
,,,,,,0.00025,,18262
397,0.00015753235493320972,4.196555892121978e-05,8.164674909494352e-07,0.00011475025530671701,0.0005958427209407091,,13.420049667358398,18307
,,,,,,0.00025,,18308
398,0.0002428872394375503,1.206727756652981e-05,3.7537454318226082e-06,0.00022706614981871098,0.0005887836450710893,,13.418256759643555,18353
,,,,,,0.00025,,18354
399,0.00029651165823452175,4.9903246690519154e-05,6.793169973207114e-07,0.0002459291135892272,0.0005829381989315152,,13.510361671447754,18399
,,,,,,0.00025,,18400
400,0.00015252667071763426,1.5830770280444995e-05,3.984419834068831e-07,0.0001362974289804697,0.0005743299261666834,,13.504805564880371,18445
,,,,,,0.00025,,18446
401,0.00019859579333569854,1.8970373275806196e-05,1.1772168591051013e-06,0.0001784481864888221,0.0005668152589350939,,13.477845191955566,18491
,,,,,,0.00025,,18492
402,0.000885450397618115,2.809547549986746e-05,4.948395257997618e-07,0.0008568600751459599,0.0005731879500672221,,13.483099937438965,18537
,,,,,,0.00025,,18538
403,0.00031860321178101003,1.1191285921086092e-05,4.5370993007054494e-07,0.00030695824534632266,0.0005680962931364775,,13.35285472869873,18583
,,,,,,0.00025,,18584
404,0.00014037550135981292,1.4284171811596025e-05,1.0794781701406464e-05,0.00011529655603226274,0.0005595418624579906,,13.321328163146973,18629
,,,,,,0.00025,,18630
405,0.0003781172854360193,1.3617336662719026e-05,5.0328690122114494e-05,0.0003141712222713977,0.0005559133714996278,,13.331098556518555,18675
,,,,,,0.00025,,18676
406,0.0003974097198806703,8.950152732722927e-06,0.0001193656717077829,0.000269093899987638,0.0005527432658709586,,13.317769050598145,18721
,,,,,,0.00025,,18722
407,0.00029273168183863163,1.0955031939374749e-05,2.7110079827252775e-05,0.0002546666073612869,0.0005475430516526103,,13.306051254272461,18767
,,,,,,0.00025,,18768
408,0.0003072440158575773,1.699963104329072e-05,1.895224704639986e-05,0.0002712921123020351,0.000542737077921629,,13.361712455749512,18813
,,,,,,0.00025,,18814
409,0.0002417093055555597,2.011732976825442e-05,3.823804217972793e-05,0.0001833539572544396,0.0005367165431380272,,13.428297996520996,18859
,,,,,,0.00025,,18860
410,0.00038428299012593925,8.069563591561746e-06,2.6048051040561404e-06,0.0003736086073331535,0.0005336678586900234,,13.358977317810059,18905
,,,,,,0.00025,,18906
411,0.0004780837334692478,1.1304893632768653e-05,7.457728088411386e-07,0.0004660331178456545,0.0005325561505742371,,13.366551399230957,18951
,,,,,,0.00025,,18952
412,0.00032991819898597896,1.5682275261497125e-05,5.111759833198448e-07,0.00031372474040836096,0.000528503383975476,,13.330467224121094,18997
,,,,,,0.00025,,18998
413,0.00038995902286842465,8.377885933441576e-06,2.624633452796843e-07,0.0003813186485785991,0.0005257325246930122,,13.223387718200684,19043
,,,,,,0.00025,,19044
414,0.00047260962310247123,1.1462589100119658e-05,7.312380034818489e-07,0.00046041575842536986,0.0005246700602583587,,13.099424362182617,19089
,,,,,,0.00025,,19090
415,0.00036481692222878337,1.840560435084626e-05,1.5637108390365029e-06,0.00034484753268770874,0.0005214730044826865,,13.141880989074707,19135
,,,,,,0.00025,,19136
416,0.0002810009755194187,1.3365945960686076e-05,9.567443157720845e-06,0.0002580675936769694,0.0005166635382920504,,13.03641414642334,19181
,,,,,,0.00025,,19182
417,0.00015777409134898335,1.7710679458105005e-05,3.087079221586464e-06,0.0001369763194816187,0.000509485777001828,,13.092240333557129,19227
,,,,,,0.00025,,19228
418,0.00013185737770982087,8.153901944751851e-06,7.136284807529591e-07,0.00012298983347136527,0.0005019332165829837,,13.135323524475098,19273
,,,,,,0.00025,,19274
419,0.00042840311652980745,1.2134462849644478e-05,1.6639098703308264e-06,0.000414604670368135,0.000500462600030005,,13.161640167236328,19319
,,,,,,0.00025,,19320
420,0.00019168006838299334,1.5047644410515204e-05,1.2251902035131934e-06,0.00017540724365971982,0.0004942869418300688,,13.117566108703613,19365
,,,,,,0.00025,,19366
421,0.00037203883402980864,1.2827112186641898e-05,4.443762736627832e-05,0.0003147741372231394,0.0004918419872410595,,13.19498348236084,19411
,,,,,,0.00025,,19412
422,0.0002244671486550942,8.091753443295602e-06,7.53124913899228e-05,0.00014106291928328574,0.0004864945076406002,,13.104020118713379,19457
,,,,,,0.00025,,19458
423,0.0001997102954192087,1.0711307368183043e-05,1.2286378478165716e-05,0.00017671266687102616,0.0004807588120456785,,13.111678123474121,19503
,,,,,,0.00025,,19504
424,0.00026552361669018865,1.988644180528354e-05,2.6611883185978513e-06,0.0002429759770166129,0.00047645409358665347,,13.139540672302246,19549
,,,,,,0.00025,,19550
425,0.00010987942368956283,2.8549733542604372e-05,5.436841661321523e-07,8.078598330030218e-05,0.0004691226058639586,,13.138218879699707,19595
,,,,,,0.00025,,19596
426,0.0009388210601173341,0.00014168881170917302,9.434196499569225e-07,0.0007961886003613472,0.0004785165947396308,,13.107836723327637,19641
,,,,,,0.00025,,19642
427,0.00019672101188916713,1.477245405112626e-05,4.0166792132367846e-06,0.0001779318554326892,0.0004728806670755148,,13.080937385559082,19687
,,,,,,0.00025,,19688
428,0.00032764565548859537,9.252324161934666e-06,5.903698820475256e-06,0.000312489690259099,0.0004699759592767805,,12.971622467041016,19733
,,,,,,0.00025,,19734
429,0.0002930479240603745,5.5410000641131774e-05,2.7233688797423383e-06,0.00023491450701840222,0.000466437399154529,,12.94091510772705,19779
,,,,,,0.00025,,19780
430,0.00021227396791800857,9.95942627923796e-06,1.6832800611155108e-06,0.0002006312570301816,0.0004613541532307863,,12.92111587524414,19825
,,,,,,0.00025,,19826
431,0.00028022658079862595,1.5218895896396134e-05,2.5562951577740023e-06,0.00026245141634717584,0.0004577315994538367,,12.92459487915039,19871
,,,,,,0.00025,,19872
432,0.00025177939096465707,1.1442765753599815e-05,1.344650809187442e-05,0.00022689018805976957,0.00045361253432929516,,12.933488845825195,19917
,,,,,,0.00025,,19918
433,0.00027887377655133605,8.071617230598349e-06,1.2628772310563363e-05,0.0002581733278930187,0.00045011777547188103,,12.891080856323242,19963
,,,,,,0.00025,,19964
434,0.00015082994650583714,1.4108453797234688e-05,1.6693395082256757e-05,0.00012002811126876622,0.00044413201976567507,,12.915115356445312,20009
,,,,,,0.00025,,20010
435,0.00033134702243842185,1.2186017556814477e-05,1.3326140333447256e-06,0.00031782840960659087,0.00044187629828229547,,12.858857154846191,20055
,,,,,,0.00025,,20056
436,0.00034374964889138937,1.0376358659414109e-05,6.972152277739951e-06,0.00032640117569826543,0.000439913768786937,,12.903219223022461,20101
,,,,,,0.00025,,20102
437,0.00030053072259761393,9.593224604032002e-06,1.4489514796878211e-05,0.0002764479722827673,0.0004371261165942997,,12.888537406921387,20147
,,,,,,0.00025,,20148
438,0.00015827429888304323,7.907505278126337e-06,3.1571735803481715e-07,0.00015005108434706926,0.0004315490950830281,,12.895777702331543,20193
,,,,,,0.00025,,20194
439,0.00024967084755189717,9.985554243030492e-06,2.140165179298492e-06,0.000237545114941895,0.00042791152372956276,,12.853802680969238,20239
,,,,,,0.00025,,20240
440,0.00024928609491325915,6.881921308377059e-06,1.6922441545830225e-06,0.00024071196094155312,0.00042433899943716824,,12.892961502075195,20285
,,,,,,0.00025,,20286
441,0.0003547606465872377,6.292258603934897e-06,7.970620572450571e-07,0.0003476713609416038,0.00042294742888771,,12.882362365722656,20331
,,,,,,0.00025,,20332
442,0.0003156729508191347,1.3379553820414003e-05,2.2109200017439434e-06,0.0003000824654009193,0.0004208019527141005,,12.814387321472168,20377
,,,,,,0.00025,,20378
443,0.0002302033535670489,1.2612096725206356e-05,5.906416618017829e-07,0.00021700066281482577,0.0004169899912085384,,12.748863220214844,20423
,,,,,,0.00025,,20424
444,0.0002599951112642884,1.524848812550772e-05,1.1300760888843797e-05,0.00023344586952589452,0.00041385009535588324,,12.778185844421387,20469
,,,,,,0.00025,,20470
445,0.0002106723259203136,8.451395842712373e-06,0.0001169028109870851,8.53181118145585e-05,0.0004097865312360227,,12.7654447555542,20515
,,,,,,0.00025,,20516
446,0.0001939968642545864,3.096320870099589e-05,6.761505210306495e-05,9.541855251882225e-05,0.00040547072421759367,,12.791729927062988,20561
,,,,,,0.00025,,20562
447,0.00022935605375096202,3.705628478201106e-05,1.2149749636591878e-05,0.00018014998931903392,0.0004019484331365675,,12.795051574707031,20607
,,,,,,0.00025,,20608
448,0.0005913086934015155,7.110460956027964e-06,6.168063464428997e-06,0.0005780303035862744,0.0004057356563862413,,12.816375732421875,20653
,,,,,,0.00025,,20654
449,0.00047649964108131826,8.374076060135849e-06,3.478943654044997e-06,0.0004646466113626957,0.00040715091745369136,,12.733283996582031,20699
,,,,,,0.00025,,20700
450,0.00034088900429196656,1.0662593012966681e-05,7.292182090168353e-06,0.00032293424010276794,0.000405825674533844,,12.641573905944824,20745
,,,,,,0.00025,,20746
451,0.00020110902551095933,1.1896081559825689e-05,4.689615252573276e-06,0.00018452333461027592,0.0004017313476651907,,12.610430717468262,20791
,,,,,,0.00025,,20792
452,0.00034386038896627724,1.59654337039683e-05,8.014464469852101e-07,0.0003270934976171702,0.0004005739465355873,,12.576679229736328,20837
,,,,,,0.00025,,20838
453,0.0001348458754364401,1.1194756552868057e-05,6.856560048618121e-07,0.000122965473565273,0.00039525938336737454,,12.606499671936035,20883
,,,,,,0.00025,,20884
454,0.00034175082691945136,1.3746962395089213e-05,9.831418310568552e-07,0.0003270207962486893,0.00039418920641765,,12.643559455871582,20929
,,,,,,0.00025,,20930
455,0.0004456458264030516,9.158706234302372e-06,1.1323572834953666e-06,0.00043535479926504195,0.00039521834696643054,,12.589091300964355,20975
,,,,,,0.00025,,20976
456,0.00032965379068627954,1.893371700134594e-05,1.0717956229200354e-06,0.0003096482832916081,0.00039390704478137195,,12.524106979370117,21021
,,,,,,0.00025,,21022
457,0.00028164274408482015,1.1433016879891511e-05,8.593733582529239e-07,0.00026935042114928365,0.0003916617715731263,,12.490726470947266,21067
,,,,,,0.00025,,21068
458,0.00011022777471225709,1.7642547391005792e-05,1.157684891950339e-06,9.142753697233275e-05,0.000386033090762794,,12.520174026489258,21113
,,,,,,0.00025,,21114
459,8.705479558557272e-05,7.550730060756905e-06,2.742779315667576e-06,7.676126551814377e-05,0.0003800535050686449,,12.603643417358398,21159
,,,,,,0.00025,,21160
460,0.0001873798610176891,3.562699203030206e-05,1.2731079550576396e-05,0.00013902179489377886,0.0003762000415008515,,12.559539794921875,21205
,,,,,,0.00025,,21206
461,0.00015442268340848386,6.17758132648305e-06,3.898258910339791e-06,0.00014434684999287128,0.00037176450132392347,,12.582545280456543,21251
,,,,,,0.00025,,21252
462,0.0004223452415317297,1.6553893146920018e-05,1.0746645102699404e-06,0.0004047166439704597,0.0003727761213667691,,12.610045433044434,21297
,,,,,,0.00025,,21298
463,0.00023232454259414226,8.61126318341121e-06,2.6448039989190875e-06,0.00022106849064584821,0.00036996707785874605,,12.562664031982422,21343
,,,,,,0.00025,,21344
464,0.00029302050825208426,6.390609541995218e-06,4.0007184907153714e-06,0.0002826291602104902,0.00036842815461568534,,12.527000427246094,21389
,,,,,,0.00025,,21390
465,0.0001691262878011912,1.157925453298958e-05,3.448099903380353e-07,0.00015720224473625422,0.0003644420939963311,,12.559591293334961,21435
,,,,,,0.00025,,21436
466,0.00021069492504466325,5.886799954168964e-06,1.0015739917434985e-06,0.0002038065140368417,0.00036136715789325535,,12.49657154083252,21481
,,,,,,0.00025,,21482
467,0.0001481750514358282,6.591042165382532e-06,6.108074558142107e-06,0.00013547591515816748,0.00035710333031602204,,12.445709228515625,21527
,,,,,,0.00025,,21528
468,0.00037812700611539185,1.2360528671706561e-05,1.6949707060121e-06,0.0003640715149231255,0.00035752379335463047,,12.386740684509277,21573
,,,,,,0.00025,,21574
469,0.0003966181830037385,6.824926913395757e-06,1.14894271519006e-06,0.0003886442573275417,0.0003583056968636811,,12.359158515930176,21619
,,,,,,0.00025,,21620
470,0.0001859570329543203,5.8656546571000945e-06,8.490822551721067e-07,0.000179242342710495,0.00035485869739204645,,12.293245315551758,21665
,,,,,,0.00025,,21666
471,0.00021031701180618256,9.302770195063204e-06,1.0659499594112276e-06,0.0001999483210965991,0.00035196787212044,,12.335124969482422,21711
,,,,,,0.00025,,21712
472,0.00024832552298903465,5.312806933943648e-06,1.624377887310402e-06,0.00024138836306519806,0.0003498950391076505,,12.397894859313965,21757
,,,,,,0.00025,,21758
473,0.00032307871151715517,1.748817703628447e-05,1.9599915503931697e-06,0.0003036306006833911,0.00034935871371999383,,12.318968772888184,21803
,,,,,,0.00025,,21804
474,0.00037676116335205734,1.1742387869162485e-05,1.0845845963558531e-06,0.00036393420305103064,0.0003499067388474941,,12.232475280761719,21849
,,,,,,0.00025,,21850
475,0.000523210852406919,3.207759073120542e-05,2.4400849270023173e-06,0.0004886933602392673,0.00035337283043190837,,12.317115783691406,21895
,,,,,,0.00025,,21896
476,0.00039841237594373524,7.473298410332063e-06,4.428733973327326e-06,0.00038651033537462354,0.00035427362308837473,,12.243826866149902,21941
,,,,,,0.00025,,21942
477,0.0003920620365533978,2.673024937394075e-05,1.614926259208005e-05,0.00034918251913040876,0.0003550293913576752,,12.242741584777832,21987
,,,,,,0.00025,,21988
478,0.0001718657003948465,1.9307961338199675e-05,8.731761226954404e-06,0.00014382600784301758,0.0003513661213219166,,12.210025787353516,22033
,,,,,,0.00025,,22034
479,0.0001715281541692093,2.1440711861941963e-05,1.6633794075460173e-06,0.00014842413656879216,0.0003477693535387516,,12.283524513244629,22079
,,,,,,0.00025,,22080
480,0.00029329091194085777,6.131462214398198e-06,1.1680946954584215e-05,0.00027547855279408395,0.00034667979343794286,,12.207296371459961,22125
,,,,,,0.00025,,22126
481,0.0004892867291346192,4.0059279854176566e-05,3.922695668734377e-06,0.0004453047877177596,0.0003495319397188723,,12.23979377746582,22171
,,,,,,0.00025,,22172
482,0.0002293504076078534,5.44171234651003e-06,3.2676423415978206e-06,0.00022064108634367585,0.0003471283125691116,,12.205615043640137,22217
,,,,,,0.00025,,22218
483,0.00021675140305887908,5.9601397879305296e-06,2.691297140700044e-06,0.0002080999402096495,0.00034452075487934053,,12.219018936157227,22263
,,,,,,0.00025,,22264
484,0.00018599179747980088,7.58711394155398e-06,9.916562703438103e-06,0.0001684881717665121,0.00034135018358938396,,12.17412281036377,22309
,,,,,,0.00025,,22310
485,0.0001525220286566764,6.998063781793462e-06,8.670370334584732e-06,0.00013685360318049788,0.0003375736123416573,,12.105926513671875,22355
,,,,,,0.00025,,22356
486,0.0003437398700043559,7.261383416334866e-06,2.7454274459159933e-05,0.00030902426806278527,0.0003376969543751329,,12.164836883544922,22401
,,,,,,0.00025,,22402
487,0.00016367534408345819,7.067620572343003e-06,4.2802043026313186e-05,0.00011380566138541326,0.0003342165146023035,,12.191710472106934,22447
,,,,,,0.00025,,22448
488,0.00021542840113397688,5.807034540339373e-06,1.0079228559334297e-05,0.00019954216259066015,0.0003318407398182899,,12.139338493347168,22493
,,,,,,0.00025,,22494
489,0.0004266778414603323,1.7039514204952866e-05,5.708722596864391e-07,0.0004090674046892673,0.0003337374946568161,,12.132681846618652,22539
,,,,,,0.00025,,22540
490,0.00011690410610754043,5.287211479299003e-06,8.584481747675454e-07,0.00011075842485297471,0.0003294008201919496,,12.094606399536133,22585
,,,,,,0.00025,,22586
491,0.00014483828272204846,1.5856590835028328e-05,3.144848790270771e-07,0.0001286672049900517,0.00032570958137512207,,12.032187461853027,22631
,,,,,,0.00025,,22632
492,0.0002228861558251083,7.589005235786317e-06,1.92222273653897e-06,0.00021337493672035635,0.00032365310471504927,,12.073216438293457,22677
,,,,,,0.00025,,22678
493,0.0005020018434152007,1.3480968846124597e-05,4.214166438032407e-06,0.0004843066562898457,0.00032722007017582655,,12.183140754699707,22723
,,,,,,0.00025,,22724
494,0.0003175161255057901,2.862037581508048e-05,2.674261668289546e-05,0.00026215307298116386,0.00032702600583434105,,12.015242576599121,22769
,,,,,,0.00025,,22770
495,0.0003967186785303056,4.715098111773841e-05,1.4019871059645084e-06,0.0003481656895019114,0.00032841984648257494,,12.050581932067871,22815
,,,,,,0.00025,,22816
496,0.0001485762622905895,4.274334423826076e-05,1.7748257050698157e-06,0.00010405810462543741,0.0003248229913879186,,12.09653091430664,22861
,,,,,,0.00025,,22862
497,0.00026091435574926436,5.676450382452458e-05,1.8393213849776657e-06,0.0002023104898398742,0.00032354480936191976,,12.075275421142578,22907
,,,,,,0.00025,,22908
498,0.00015377567615360022,1.668560980760958e-05,1.3476400226863916e-06,0.00013574244803749025,0.0003201494400855154,,12.087701797485352,22953
,,,,,,0.00025,,22954
499,0.00033793228794820607,3.636819019448012e-05,3.776443406877661e-07,0.0003011864027939737,0.00032050508889369667,,12.08399772644043,22999
,,,,,,0.00025,,23000
500,0.00021232326980680227,4.670748694479698e-06,2.083532990582171e-06,0.00020556902745738626,0.00031834145192988217,,12.041950225830078,23045
,,,,,,0.00025,,23046
501,0.00016364104521926492,1.7642538296058774e-05,3.2505786293768324e-06,0.00014274794375523925,0.00031524745281785727,,12.049955368041992,23091
,,,,,,0.00025,,23092
502,8.001244714250788e-05,8.340264685102738e-06,5.527709845409845e-07,7.111940794857219e-05,0.0003105427313130349,,11.997101783752441,23137
,,,,,,0.00025,,23138
503,0.00033294802415184677,4.3660973460646346e-05,8.268634132946318e-07,0.00028846017085015774,0.0003109908429905772,,12.014647483825684,23183
,,,,,,0.00025,,23184
504,0.0008367786067537963,3.2142928830580786e-05,2.384510025876807e-06,0.0008022509282454848,0.0003215066099073738,,11.98983383178711,23229
,,,,,,0.00025,,23230
505,0.00017906098219100386,9.626131031836849e-06,1.2817882634408306e-05,0.00015661699580959976,0.00031865769415162504,,11.875554084777832,23275
,,,,,,0.00025,,23276
506,0.0002660691097844392,1.6452926502097398e-05,6.902669156261254e-06,0.0002427134895697236,0.00031760591082274914,,11.928250312805176,23321
,,,,,,0.00025,,23322
507,0.000208243727684021,6.961243343539536e-06,1.3086163335174206e-06,0.00019997383060399443,0.00031541867065243423,,11.895621299743652,23367
,,,,,,0.00025,,23368
508,0.00027318164939060807,6.59242596157128e-06,7.809601811459288e-06,0.00025877958978526294,0.00031457393197342753,,11.874337196350098,23413
,,,,,,0.00025,,23414
509,0.00038907580892555416,9.351334483653773e-06,6.82357422192581e-05,0.0003114887804258615,0.00031606396078132093,,11.820963859558105,23459
,,,,,,0.00025,,23460
510,0.0001609997998457402,1.3583735380962025e-05,2.392165879427921e-05,0.00012349440657999367,0.00031296268571168184,,11.878350257873535,23505
,,,,,,0.00025,,23506
511,0.00015463864838238806,3.8639034755760804e-05,7.877356438257266e-06,0.00010812225809786469,0.00030979621806181967,,11.940401077270508,23551
,,,,,,0.00025,,23552
512,0.00029860614449717104,4.535644984571263e-05,9.113323358178604e-06,0.00024413637584075332,0.0003095724096056074,,11.905152320861816,23597
,,,,,,0.00025,,23598
513,0.0002183017204515636,1.2303647054068279e-05,7.13476447344874e-06,0.00019886331574525684,0.0003077469882555306,,11.901779174804688,23643
,,,,,,0.00025,,23644
514,0.00014300586190074682,7.469957836292451e-06,2.4430553366983077e-06,0.00013309284986462444,0.00030445217271335423,,11.877371788024902,23689
,,,,,,0.00025,,23690
515,0.0010774140246212482,1.21267794384039e-05,1.6752638885009219e-06,0.0010636118240654469,0.00031991139985620975,,11.861228942871094,23735
,,,,,,0.00025,,23736
516,0.00023720158787909895,5.885512109671254e-06,5.8651376093621366e-06,0.00022545091633219272,0.0003182571963407099,,11.856165885925293,23781
,,,,,,0.00025,,23782
517,0.0003211243310943246,1.1240922503930051e-05,3.5652349197334843e-06,0.0003063181648030877,0.00031831455999054015,,11.808823585510254,23827
,,,,,,0.00025,,23828
518,0.0004437403113115579,5.521027105714893e-06,7.145380322981509e-07,0.00043750478653237224,0.00032082307734526694,,11.709391593933105,23873
,,,,,,0.00025,,23874
519,0.0001686212490312755,8.89706461748574e-06,7.663375640731829e-07,0.0001589578459970653,0.0003177790204063058,,11.750885963439941,23919
,,,,,,0.00025,,23920
520,0.00014740564802195877,2.5619170628488064e-05,1.406522301294899e-06,0.00012037997657898813,0.00031437157304026186,,11.8163423538208,23965
,,,,,,0.00025,,23966
521,0.0004907619440928102,5.0420316256349906e-05,1.067341941052291e-06,0.00043927435763180256,0.0003178993647452444,,11.866950035095215,24011
